{
  "unknown": {
    "correct": 8,
    "count": 28,
    "acc": 0.2857142857142857
  },
  "male": {
    "correct": 4,
    "count": 11,
    "acc": 0.36363636363636365
  },
  "female": {
    "correct": 1,
    "count": 11,
    "acc": 0.09090909090909091
  }
}