{
  "eigen": {
    "sigma5": {
      "acc": 0.06,
      "macro_f1": 0.048,
      "precision": 0.045,
      "recall": 0.06
    },
    "sigma10": {
      "acc": 0.02,
      "macro_f1": 0.02,
      "precision": 0.02,
      "recall": 0.02
    },
    "sigma20": {
      "acc": 0.1,
      "macro_f1": 0.07466666666666667,
      "precision": 0.065,
      "recall": 0.1
    },
    "sigma30": {
      "acc": 0.1,
      "macro_f1": 0.08333333333333331,
      "precision": 0.07666666666666666,
      "recall": 0.1
    }
  },
  "lbp": {
    "sigma5": {
      "acc": 0.06,
      "macro_f1": 0.048,
      "precision": 0.045,
      "recall": 0.06
    },
    "sigma10": {
      "acc": 0.04,
      "macro_f1": 0.022666666666666665,
      "precision": 0.02142857142857143,
      "recall": 0.04
    },
    "sigma20": {
      "acc": 0.02,
      "macro_f1": 0.0014814814814814814,
      "precision": 0.0007692307692307692,
      "recall": 0.02
    },
    "sigma30": {
      "acc": 0.02,
      "macro_f1": 0.013333333333333332,
      "precision": 0.01,
      "recall": 0.02
    }
  },
  "deep": {
    "sigma5": {
      "acc": 0.28,
      "macro_f1": 0.20168067226890754,
      "precision": 0.17647058823529413,
      "recall": 0.27450980392156865
    },
    "sigma10": {
      "acc": 0.22,
      "macro_f1": 0.15751633986928104,
      "precision": 0.13616557734204793,
      "recall": 0.21568627450980393
    },
    "sigma20": {
      "acc": 0.18,
      "macro_f1": 0.13333333333333333,
      "precision": 0.12156862745098039,
      "recall": 0.17647058823529413
    },
    "sigma30": {
      "acc": 0.12,
      "macro_f1": 0.09430438842203548,
      "precision": 0.08974358974358974,
      "recall": 0.11764705882352941
    }
  }
}