{
  "eigen": {
    "sigma5": {
      "acc": 0.0425531914893617,
      "macro_f1": 0.035460992907801414,
      "precision": 0.031914893617021274,
      "recall": 0.0425531914893617
    },
    "sigma10": {
      "acc": 0.06382978723404255,
      "macro_f1": 0.05673758865248227,
      "precision": 0.05319148936170213,
      "recall": 0.06382978723404255
    },
    "sigma20": {
      "acc": 0.02127659574468085,
      "macro_f1": 0.02127659574468085,
      "precision": 0.02127659574468085,
      "recall": 0.02127659574468085
    },
    "sigma30": {
      "acc": 0.0425531914893617,
      "macro_f1": 0.0425531914893617,
      "precision": 0.0425531914893617,
      "recall": 0.0425531914893617
    }
  },
  "lbp": {
    "sigma5": {
      "acc": 0.02127659574468085,
      "macro_f1": 0.02127659574468085,
      "precision": 0.02127659574468085,
      "recall": 0.02127659574468085
    },
    "sigma10": {
      "acc": 0.0,
      "macro_f1": 0.0,
      "precision": 0.0,
      "recall": 0.0
    },
    "sigma20": {
      "acc": 0.0425531914893617,
      "macro_f1": 0.010030395136778116,
      "precision": 0.006107171000788022,
      "recall": 0.0425531914893617
    },
    "sigma30": {
      "acc": 0.02127659574468085,
      "macro_f1": 0.010638297872340425,
      "precision": 0.0070921985815602835,
      "recall": 0.02127659574468085
    }
  },
  "deep": {
    "sigma5": {
      "acc": 0.1702127659574468,
      "macro_f1": 0.12553191489361704,
      "precision": 0.11170212765957446,
      "recall": 0.1702127659574468
    },
    "sigma10": {
      "acc": 0.19148936170212766,
      "macro_f1": 0.14326241134751772,
      "precision": 0.12234042553191489,
      "recall": 0.19148936170212766
    },
    "sigma20": {
      "acc": 0.19148936170212766,
      "macro_f1": 0.17163120567375886,
      "precision": 0.16489361702127658,
      "recall": 0.19148936170212766
    },
    "sigma30": {
      "acc": 0.14893617021276595,
      "macro_f1": 0.11489361702127661,
      "precision": 0.10531914893617021,
      "recall": 0.14893617021276595
    }
  }
}