{
  "eigen": {
    "r1.0": {
      "acc": 0.0851063829787234,
      "macro_f1": 0.0673758865248227,
      "precision": 0.06028368794326241,
      "recall": 0.0851063829787234
    },
    "r2.0": {
      "acc": 0.0425531914893617,
      "macro_f1": 0.035460992907801414,
      "precision": 0.031914893617021274,
      "recall": 0.0425531914893617
    },
    "r3.0": {
      "acc": 0.0425531914893617,
      "macro_f1": 0.035460992907801414,
      "precision": 0.031914893617021274,
      "recall": 0.0425531914893617
    }
  },
  "lbp": {
    "r1.0": {
      "acc": 0.1276595744680851,
      "macro_f1": 0.1078014184397163,
      "precision": 0.10106382978723404,
      "recall": 0.1276595744680851
    },
    "r2.0": {
      "acc": 0.06382978723404255,
      "macro_f1": 0.027355623100303948,
      "precision": 0.017730496453900707,
      "recall": 0.06382978723404255
    },
    "r3.0": {
      "acc": 0.06382978723404255,
      "macro_f1": 0.02482269503546099,
      "precision": 0.016827852998065766,
      "recall": 0.06382978723404255
    }
  },
  "deep": {
    "r1.0": {
      "acc": 0.2127659574468085,
      "macro_f1": 0.16099290780141842,
      "precision": 0.14361702127659576,
      "recall": 0.2127659574468085
    },
    "r2.0": {
      "acc": 0.14893617021276595,
      "macro_f1": 0.12198581560283686,
      "precision": 0.11170212765957446,
      "recall": 0.14893617021276595
    },
    "r3.0": {
      "acc": 0.23404255319148937,
      "macro_f1": 0.1875886524822695,
      "precision": 0.17502532928064843,
      "recall": 0.23404255319148937
    }
  }
}