{
  "eigen": {
    "b0.7_c0.8": {
      "acc": 0.0851063829787234,
      "macro_f1": 0.05815602836879433,
      "precision": 0.047872340425531915,
      "recall": 0.0851063829787234
    },
    "b0.85_c0.9": {
      "acc": 0.02127659574468085,
      "macro_f1": 0.014184397163120567,
      "precision": 0.010638297872340425,
      "recall": 0.02127659574468085
    },
    "b1.15_c1.1": {
      "acc": 0.0425531914893617,
      "macro_f1": 0.0425531914893617,
      "precision": 0.0425531914893617,
      "recall": 0.0425531914893617
    },
    "b1.3_c1.2": {
      "acc": 0.0851063829787234,
      "macro_f1": 0.07234042553191489,
      "precision": 0.06914893617021277,
      "recall": 0.0851063829787234
    }
  },
  "lbp": {
    "b0.7_c0.8": {
      "acc": 0.0,
      "macro_f1": 0.0,
      "precision": 0.0,
      "recall": 0.0
    },
    "b0.85_c0.9": {
      "acc": 0.0425531914893617,
      "macro_f1": 0.028368794326241134,
      "precision": 0.02127659574468085,
      "recall": 0.0425531914893617
    },
    "b1.15_c1.1": {
      "acc": 0.0851063829787234,
      "macro_f1": 0.0851063829787234,
      "precision": 0.0851063829787234,
      "recall": 0.0851063829787234
    },
    "b1.3_c1.2": {
      "acc": 0.0851063829787234,
      "macro_f1": 0.06382978723404255,
      "precision": 0.05319148936170213,
      "recall": 0.0851063829787234
    }
  },
  "deep": {
    "b0.7_c0.8": {
      "acc": 0.3404255319148936,
      "macro_f1": 0.276595744680851,
      "precision": 0.24822695035460993,
      "recall": 0.3404255319148936
    },
    "b0.85_c0.9": {
      "acc": 0.3404255319148936,
      "macro_f1": 0.2695035460992907,
      "precision": 0.23758865248226949,
      "recall": 0.3404255319148936
    },
    "b1.15_c1.1": {
      "acc": 0.2127659574468085,
      "macro_f1": 0.17304964539007092,
      "precision": 0.1595744680851064,
      "recall": 0.2127659574468085
    },
    "b1.3_c1.2": {
      "acc": 0.2765957446808511,
      "macro_f1": 0.2127659574468085,
      "precision": 0.18439716312056736,
      "recall": 0.2765957446808511
    }
  }
}