{
  "eigen": {
    "eyes_h0.15": {
      "acc": 0.04,
      "macro_f1": 0.007777777777777777,
      "precision": 0.004318181818181818,
      "recall": 0.04
    },
    "eyes_h0.2": {
      "acc": 0.04,
      "macro_f1": 0.005454545454545454,
      "precision": 0.0029523809523809524,
      "recall": 0.04
    },
    "eyes_h0.25": {
      "acc": 0.06,
      "macro_f1": 0.028791208791208788,
      "precision": 0.025,
      "recall": 0.06
    }
  },
  "lbp": {
    "eyes_h0.15": {
      "acc": 0.06,
      "macro_f1": 0.009523809523809523,
      "precision": 0.005333333333333333,
      "recall": 0.06
    },
    "eyes_h0.2": {
      "acc": 0.04,
      "macro_f1": 0.003195084485407066,
      "precision": 0.0016666666666666668,
      "recall": 0.04
    },
    "eyes_h0.25": {
      "acc": 0.04,
      "macro_f1": 0.0031515151515151517,
      "precision": 0.0016420361247947454,
      "recall": 0.04
    }
  },
  "deep": {
    "eyes_h0.15": {
      "acc": 0.24,
      "macro_f1": 0.21241830065359474,
      "precision": 0.2026143790849673,
      "recall": 0.23529411764705882
    },
    "eyes_h0.2": {
      "acc": 0.26,
      "macro_f1": 0.22875816993464052,
      "precision": 0.21568627450980393,
      "recall": 0.2549019607843137
    },
    "eyes_h0.25": {
      "acc": 0.28,
      "macro_f1": 0.2483660130718954,
      "precision": 0.23529411764705882,
      "recall": 0.27450980392156865
    }
  }
}