{
  "eigen": {
    "r1.0": {
      "acc": 0.06,
      "macro_f1": 0.048,
      "precision": 0.045,
      "recall": 0.06
    },
    "r2.0": {
      "acc": 0.06,
      "macro_f1": 0.05333333333333333,
      "precision": 0.05,
      "recall": 0.06
    },
    "r3.0": {
      "acc": 0.06,
      "macro_f1": 0.05,
      "precision": 0.04666666666666667,
      "recall": 0.06
    }
  },
  "lbp": {
    "r1.0": {
      "acc": 0.1,
      "macro_f1": 0.07,
      "precision": 0.056666666666666664,
      "recall": 0.1
    },
    "r2.0": {
      "acc": 0.04,
      "macro_f1": 0.005741626794258373,
      "precision": 0.0031111111111111114,
      "recall": 0.04
    },
    "r3.0": {
      "acc": 0.04,
      "macro_f1": 0.005064935064935066,
      "precision": 0.0027407407407407406,
      "recall": 0.04
    }
  },
  "deep": {
    "r1.0": {
      "acc": 0.24,
      "macro_f1": 0.18011204481792717,
      "precision": 0.16176470588235295,
      "recall": 0.23529411764705882
    },
    "r2.0": {
      "acc": 0.18,
      "macro_f1": 0.1330532212885154,
      "precision": 0.12156862745098039,
      "recall": 0.17647058823529413
    },
    "r3.0": {
      "acc": 0.08,
      "macro_f1": 0.0784313725490196,
      "precision": 0.0784313725490196,
      "recall": 0.0784313725490196
    }
  }
}