{
  "eigen": {
    "mouth_h0.2": {
      "acc": 0.02127659574468085,
      "macro_f1": 0.0032733224222585926,
      "precision": 0.0017730496453900709,
      "recall": 0.02127659574468085
    },
    "mouth_h0.25": {
      "acc": 0.06382978723404255,
      "macro_f1": 0.030141843971631204,
      "precision": 0.026456984273820535,
      "recall": 0.06382978723404255
    },
    "mouth_h0.3": {
      "acc": 0.02127659574468085,
      "macro_f1": 0.0028368794326241132,
      "precision": 0.001519756838905775,
      "recall": 0.02127659574468085
    }
  },
  "lbp": {
    "mouth_h0.2": {
      "acc": 0.02127659574468085,
      "macro_f1": 0.0015760441292356185,
      "precision": 0.0008183306055646482,
      "recall": 0.02127659574468085
    },
    "mouth_h0.25": {
      "acc": 0.02127659574468085,
      "macro_f1": 0.0013726835964310226,
      "precision": 0.0007092198581560283,
      "recall": 0.02127659574468085
    },
    "mouth_h0.3": {
      "acc": 0.02127659574468085,
      "macro_f1": 0.00121580547112462,
      "precision": 0.0006257822277847309,
      "recall": 0.02127659574468085
    }
  },
  "deep": {
    "mouth_h0.2": {
      "acc": 0.19148936170212766,
      "macro_f1": 0.14184397163120566,
      "precision": 0.12056737588652482,
      "recall": 0.19148936170212766
    },
    "mouth_h0.25": {
      "acc": 0.2127659574468085,
      "macro_f1": 0.15957446808510636,
      "precision": 0.1347517730496454,
      "recall": 0.2127659574468085
    },
    "mouth_h0.3": {
      "acc": 0.2127659574468085,
      "macro_f1": 0.15602836879432624,
      "precision": 0.13120567375886524,
      "recall": 0.2127659574468085
    }
  }
}