{
  "eigen": {
    "q70": {
      "acc": 0.06,
      "macro_f1": 0.041333333333333326,
      "precision": 0.035,
      "recall": 0.06
    },
    "q50": {
      "acc": 0.06,
      "macro_f1": 0.048,
      "precision": 0.045,
      "recall": 0.06
    },
    "q30": {
      "acc": 0.12,
      "macro_f1": 0.08800000000000001,
      "precision": 0.075,
      "recall": 0.12
    },
    "q15": {
      "acc": 0.06,
      "macro_f1": 0.04666666666666667,
      "precision": 0.044000000000000004,
      "recall": 0.06
    }
  },
  "lbp": {
    "q70": {
      "acc": 0.04,
      "macro_f1": 0.03333333333333333,
      "precision": 0.03,
      "recall": 0.04
    },
    "q50": {
      "acc": 0.06,
      "macro_f1": 0.024666666666666667,
      "precision": 0.015666666666666666,
      "recall": 0.06
    },
    "q30": {
      "acc": 0.08,
      "macro_f1": 0.05333333333333333,
      "precision": 0.044000000000000004,
      "recall": 0.08
    },
    "q15": {
      "acc": 0.1,
      "macro_f1": 0.04857142857142858,
      "precision": 0.039,
      "recall": 0.1
    }
  },
  "deep": {
    "q70": {
      "acc": 0.26,
      "macro_f1": 0.19607843137254902,
      "precision": 0.1699346405228758,
      "recall": 0.2549019607843137
    },
    "q50": {
      "acc": 0.28,
      "macro_f1": 0.2091503267973856,
      "precision": 0.1797385620915033,
      "recall": 0.27450980392156865
    },
    "q30": {
      "acc": 0.28,
      "macro_f1": 0.2137254901960784,
      "precision": 0.19117647058823528,
      "recall": 0.27450980392156865
    },
    "q15": {
      "acc": 0.24,
      "macro_f1": 0.18664799253034545,
      "precision": 0.1715686274509804,
      "recall": 0.23529411764705882
    }
  }
}