{
  "eigen": {
    "eyes_h0.15": {
      "acc": 0.0425531914893617,
      "macro_f1": 0.024822695035460994,
      "precision": 0.023210831721470017,
      "recall": 0.0425531914893617
    },
    "eyes_h0.2": {
      "acc": 0.02127659574468085,
      "macro_f1": 0.001519756838905775,
      "precision": 0.0007880220646178092,
      "recall": 0.02127659574468085
    },
    "eyes_h0.25": {
      "acc": 0.0,
      "macro_f1": 0.0,
      "precision": 0.0,
      "recall": 0.0
    }
  },
  "lbp": {
    "eyes_h0.15": {
      "acc": 0.0851063829787234,
      "macro_f1": 0.01719013846673421,
      "precision": 0.00968956078138609,
      "recall": 0.0851063829787234
    },
    "eyes_h0.2": {
      "acc": 0.06382978723404255,
      "macro_f1": 0.010567375886524823,
      "precision": 0.005860274477295754,
      "recall": 0.06382978723404255
    },
    "eyes_h0.25": {
      "acc": 0.02127659574468085,
      "macro_f1": 0.001467351430667645,
      "precision": 0.0007598784194528875,
      "recall": 0.02127659574468085
    }
  },
  "deep": {
    "eyes_h0.15": {
      "acc": 0.0851063829787234,
      "macro_f1": 0.06524822695035461,
      "precision": 0.05851063829787234,
      "recall": 0.0851063829787234
    },
    "eyes_h0.2": {
      "acc": 0.1702127659574468,
      "macro_f1": 0.1453900709219858,
      "precision": 0.1347517730496454,
      "recall": 0.1702127659574468
    },
    "eyes_h0.25": {
      "acc": 0.2127659574468085,
      "macro_f1": 0.1663938897981451,
      "precision": 0.15070921985815602,
      "recall": 0.2127659574468085
    }
  }
}