{
  "eigen": {
    "mouth_h0.2": {
      "acc": 0.0,
      "macro_f1": 0.0,
      "precision": 0.0,
      "recall": 0.0
    },
    "mouth_h0.25": {
      "acc": 0.02,
      "macro_f1": 0.008,
      "precision": 0.005,
      "recall": 0.02
    },
    "mouth_h0.3": {
      "acc": 0.0,
      "macro_f1": 0.0,
      "precision": 0.0,
      "recall": 0.0
    }
  },
  "lbp": {
    "mouth_h0.2": {
      "acc": 0.04,
      "macro_f1": 0.0034814814814814817,
      "precision": 0.0018218623481781376,
      "recall": 0.04
    },
    "mouth_h0.25": {
      "acc": 0.02,
      "macro_f1": 0.00125,
      "precision": 0.0006451612903225806,
      "recall": 0.02
    },
    "mouth_h0.3": {
      "acc": 0.02,
      "macro_f1": 0.0012121212121212121,
      "precision": 0.000625,
      "recall": 0.02
    }
  },
  "deep": {
    "mouth_h0.2": {
      "acc": 0.22,
      "macro_f1": 0.17320261437908493,
      "precision": 0.15359477124183005,
      "recall": 0.21568627450980393
    },
    "mouth_h0.25": {
      "acc": 0.18,
      "macro_f1": 0.15359477124183005,
      "precision": 0.1437908496732026,
      "recall": 0.17647058823529413
    },
    "mouth_h0.3": {
      "acc": 0.22,
      "macro_f1": 0.17320261437908493,
      "precision": 0.1568627450980392,
      "recall": 0.21568627450980393
    }
  }
}