{
  "eigen": {
    "q70": {
      "acc": 0.0425531914893617,
      "macro_f1": 0.035460992907801414,
      "precision": 0.031914893617021274,
      "recall": 0.0425531914893617
    },
    "q50": {
      "acc": 0.06382978723404255,
      "macro_f1": 0.04397163120567375,
      "precision": 0.03723404255319149,
      "recall": 0.06382978723404255
    },
    "q30": {
      "acc": 0.06382978723404255,
      "macro_f1": 0.0425531914893617,
      "precision": 0.035460992907801414,
      "recall": 0.06382978723404255
    },
    "q15": {
      "acc": 0.06382978723404255,
      "macro_f1": 0.0425531914893617,
      "precision": 0.035460992907801414,
      "recall": 0.06382978723404255
    }
  },
  "lbp": {
    "q70": {
      "acc": 0.02127659574468085,
      "macro_f1": 0.010638297872340425,
      "precision": 0.0070921985815602835,
      "recall": 0.02127659574468085
    },
    "q50": {
      "acc": 0.02127659574468085,
      "macro_f1": 0.010638297872340425,
      "precision": 0.0070921985815602835,
      "recall": 0.02127659574468085
    },
    "q30": {
      "acc": 0.0851063829787234,
      "macro_f1": 0.061465721040189124,
      "precision": 0.05585106382978723,
      "recall": 0.0851063829787234
    },
    "q15": {
      "acc": 0.0,
      "macro_f1": 0.0,
      "precision": 0.0,
      "recall": 0.0
    }
  },
  "deep": {
    "q70": {
      "acc": 0.1702127659574468,
      "macro_f1": 0.12056737588652482,
      "precision": 0.09929078014184396,
      "recall": 0.1702127659574468
    },
    "q50": {
      "acc": 0.19148936170212766,
      "macro_f1": 0.15602836879432624,
      "precision": 0.14184397163120566,
      "recall": 0.19148936170212766
    },
    "q30": {
      "acc": 0.19148936170212766,
      "macro_f1": 0.150354609929078,
      "precision": 0.13297872340425532,
      "recall": 0.19148936170212766
    },
    "q15": {
      "acc": 0.2127659574468085,
      "macro_f1": 0.1631205673758865,
      "precision": 0.14184397163120566,
      "recall": 0.2127659574468085
    }
  }
}