{
  "eigen": {
    "b0.7_c0.8": {
      "acc": 0.04,
      "macro_f1": 0.02571428571428571,
      "precision": 0.023333333333333334,
      "recall": 0.04
    },
    "b0.85_c0.9": {
      "acc": 0.08,
      "macro_f1": 0.056666666666666664,
      "precision": 0.04666666666666666,
      "recall": 0.08
    },
    "b1.15_c1.1": {
      "acc": 0.08,
      "macro_f1": 0.06666666666666667,
      "precision": 0.06,
      "recall": 0.08
    },
    "b1.3_c1.2": {
      "acc": 0.12,
      "macro_f1": 0.0791111111111111,
      "precision": 0.0675,
      "recall": 0.12
    }
  },
  "lbp": {
    "b0.7_c0.8": {
      "acc": 0.08,
      "macro_f1": 0.038,
      "precision": 0.025666666666666664,
      "recall": 0.08
    },
    "b0.85_c0.9": {
      "acc": 0.08,
      "macro_f1": 0.048,
      "precision": 0.039,
      "recall": 0.08
    },
    "b1.15_c1.1": {
      "acc": 0.12,
      "macro_f1": 0.06733333333333333,
      "precision": 0.05166666666666666,
      "recall": 0.12
    },
    "b1.3_c1.2": {
      "acc": 0.08,
      "macro_f1": 0.056666666666666664,
      "precision": 0.04666666666666667,
      "recall": 0.08
    }
  },
  "deep": {
    "b0.7_c0.8": {
      "acc": 0.28,
      "macro_f1": 0.23202614379084965,
      "precision": 0.21568627450980393,
      "recall": 0.27450980392156865
    },
    "b0.85_c0.9": {
      "acc": 0.28,
      "macro_f1": 0.23529411764705882,
      "precision": 0.21568627450980393,
      "recall": 0.27450980392156865
    },
    "b1.15_c1.1": {
      "acc": 0.36,
      "macro_f1": 0.3137254901960784,
      "precision": 0.2973856209150327,
      "recall": 0.35294117647058826
    },
    "b1.3_c1.2": {
      "acc": 0.28,
      "macro_f1": 0.2026143790849673,
      "precision": 0.1699346405228758,
      "recall": 0.27450980392156865
    }
  }
}