{
  "acc": 0.08,
  "macro_f1": 0.06333333333333332,
  "precision": 0.056666666666666664,
  "recall": 0.08
}