{
  "acc": 0.28,
  "macro_f1": 0.23202614379084965,
  "precision": 0.21241830065359474,
  "recall": 0.27450980392156865
}