{
  "acc": 0.0851063829787234,
  "macro_f1": 0.05815602836879433,
  "precision": 0.047872340425531915,
  "recall": 0.0851063829787234
}