{
  "acc": 0.3,
  "macro_f1": 0.22875816993464052,
  "precision": 0.19934640522875816,
  "recall": 0.29411764705882354
}