{
  "acc": 0.19148936170212766,
  "macro_f1": 0.14184397163120566,
  "precision": 0.12056737588652483,
  "recall": 0.19148936170212766
}