{
  "acc": 0.1,
  "macro_f1": 0.08333333333333331,
  "precision": 0.07666666666666666,
  "recall": 0.1
}