{
  "acc": 0.26,
  "macro_f1": 0.20588235294117646,
  "precision": 0.1869281045751634,
  "recall": 0.2549019607843137
}